real,pred_linear_regression,pred_decision_tree_regressor,pred_random_forest_regressor,pred_gradient_boosting_regressor,pred_extra_trees_regressor,pred_hist_gradient_boosting_regressor,pred_knn_regressor
66.81629992508064,47.56210736596246,39.72787716923496,45.41447221298441,44.85626881439295,38.33683465902663,38.40356069327342,41.72189972135874
51.534495250306776,48.67917114487334,45.929428407890256,51.802982641912685,43.23475253993643,45.99447716722892,45.33639321107508,56.89765770496111
43.774725148352495,46.024571610685875,50.3206737488692,45.657545317639816,48.79769333083038,46.52103080112394,46.62798192411581,37.921961849005164
37.05623866022061,44.17704349853548,50.3206737488692,45.67016756790532,45.34729886350738,51.729882775656534,50.252796957686776,37.40164889892823
32.311590797471474,43.80888366205936,37.003559033301286,42.34629258402857,44.22338158386651,47.1203735754302,43.482114740811156,53.35002378666134
52.16769939488414,45.43267534053194,33.76734062012137,45.8774980580512,39.905505710257955,45.157014559193165,36.61277586811396,49.084855063135834
35.8446592042025,43.46367023798021,41.353118549565245,45.64899041512159,45.92636930236014,41.413713476717284,47.55816284443753,39.22519794421248
65.33975907411356,46.43845645591168,46.41150584673841,47.10670329866919,47.46635297801195,42.98345940986843,42.0906058604403,53.85166283328622
53.43297093525408,45.344257365749975,45.929428407890256,43.5977164718789,43.403562909797415,48.23015797951808,48.51859662260005,53.08503316721364
45.98350418294625,44.84739336536373,45.929428407890256,45.69257666566262,43.88375404284458,45.33255529713682,39.4436008474711,52.04126948705641
51.08632537096559,45.135239881469026,50.3206737488692,40.97263531179136,29.91930149929402,49.84698533137687,44.55033639109849,44.133043237823614
32.31720413457584,43.03042425711897,41.353118549565245,46.469146504858934,44.873326128083896,41.504913637553734,45.052361709934964,47.605548777255045
11.450196734572614,46.564968447581876,50.3206737488692,43.99591685038626,45.46440749942723,46.24816486331728,45.40316303389206,38.02721320886151
76.08901435585841,48.76692234519761,46.41150584673841,46.167569219633414,45.935121118009114,62.76652199617946,43.96169136334029,40.88643965013893
44.63476666981582,47.62108122047071,46.41150584673841,46.518010487392885,45.06394884334589,45.21240378543852,47.69952123710799,50.15576058562731
56.14556099815197,48.26606153841813,57.40238330328173,51.28547626654944,47.9312963820493,55.58467607073359,53.75493437295253,55.15637456172328
43.44184009003912,43.39336794470283,45.929428407890256,46.955469669986044,46.84438722361918,50.89433479705492,48.317265745052474,49.10018569394762
45.60094084273698,47.47071349992821,46.41150584673841,47.75365896964094,48.56076484316711,42.39455484266191,44.93921706839643,48.946297593469026
33.9541570856039,46.03801189786782,46.41150584673841,48.9287491182117,45.196090890542116,40.96895065063026,50.94915593646051,54.066018174027775
60.46681125694266,43.80336122674774,45.929428407890256,41.326484164435506,44.180917418681126,43.40474737268515,39.88848391334714,44.11630554768657
52.55933459842223,44.044675975351026,45.929428407890256,44.502160162900225,46.789947923659064,45.295219900189856,50.967606219634455,44.83039961640267
74.73403899927382,47.15427579965128,55.81692666325356,46.91281309510145,51.161398584012474,46.7533048380947,50.31387690410456,43.34922991542852
28.89184486656737,44.057536921225925,45.929428407890256,45.4571160617435,50.06624630252582,43.952045731220075,43.4888937176807,44.19040606338973
40.25062171383672,45.555686009328845,33.76734062012137,46.5959625880514,45.88999169676317,41.19265256291488,49.374288366757796,60.583753826937574
35.17448228135101,45.76449187069289,45.929428407890256,48.274593212903,48.47920620373592,48.032976969374786,48.99896909880548,47.039849657890855
31.683664709085896,50.13857490573165,46.41150584673841,45.37672100200575,48.82137232505071,48.84825362531802,51.80865226660863,39.35645067205282
41.538888337769,47.211097029666874,50.3206737488692,48.32149813547087,49.22143458145923,44.40941589972274,48.92317665722079,35.25390813708263
50.98467295933867,47.22576550412791,75.5754775959996,44.36789237242444,37.81682010838068,59.81981185260043,58.060774166966894,48.769192423805656
41.87372715785685,42.468977961097686,45.611150158795034,42.20475320241851,42.43517755823645,30.247662587289724,39.820251059729884,47.49976834009929
40.65266609814517,47.348004055744546,45.929428407890256,44.66046549352948,47.862731364503404,43.32833690821036,44.95194993344437,41.47175737677442
42.31236706681391,42.56739780201106,45.611150158795034,47.74669174126875,44.668695934880986,47.3588091664577,53.79517110701195,44.8347502101311
17.010638224934887,45.66528422807039,50.3206737488692,45.65750443223224,46.27168772654336,48.54346065758367,49.920494547353954,49.567535365098294
44.00266838193927,46.18110782526016,45.929428407890256,43.10704040413673,44.41649710918438,40.317198643792025,42.38617299042352,48.51397994825574
45.765604615351286,43.47983239624141,45.929428407890256,43.807307153551946,43.47177194474043,42.901241187294154,47.46189848310963,44.70476684115228
30.288658756774566,47.24185537804703,55.81692666325356,49.63304044330406,52.24669835844484,57.039518994860565,59.13265062607289,44.210225989558346
41.05452923946388,44.748669806993945,41.353118549565245,40.42464080900696,42.84658149549306,41.163594527222,34.81999724872209,45.05131039312049
61.24241055399226,46.09953006581815,45.929428407890256,47.38186562206134,50.12403375516162,46.348468855271065,52.540863241603816,41.88307092969017
75.22305837795565,44.00048033454153,37.11438563144905,40.45782539834206,38.0814029966383,37.15342087688367,47.041712538335474,42.28157058499058
51.32911265918625,49.48978444029498,39.72787716923496,47.20351530134325,51.58036563159435,51.05571091523209,39.06883575690357,47.61582392485673
29.78078021408604,48.360484882750995,45.929428407890256,45.68409800424291,46.87262998329941,46.22613999281605,45.908828097174016,47.35716051314292
43.3246322864258,45.35106469785395,45.611150158795034,43.06084629652057,45.32701902282232,36.72192137538797,40.6590777412404,40.10926950556952
31.56414042465513,42.08578136208248,41.353118549565245,45.234527683520945,44.48193891509296,41.13331544233263,40.89645590247527,38.85620375115595
53.285712593093976,46.65217364638367,64.40806145547828,42.70551211724452,40.694360743962186,47.6664544885457,49.075211856855155,46.61671738741775
44.263176838868645,43.65756822590666,41.353118549565245,51.03580904138961,47.633642591789446,58.61549780473617,48.54951969318958,59.15020552908619
39.74982120925913,48.48704447550276,46.41150584673841,41.486547081177385,45.34455393927766,44.23990535418397,42.03551597928312,36.12654664510446
20.10990404357005,46.658381416424504,39.72787716923496,43.246241011139176,45.094403692554856,43.289509488651454,35.43129403701383,44.86382629181115
64.92680276095882,45.61172176087168,45.929428407890256,44.64877997527465,45.971638949812395,50.981390876057404,41.49125855809043,44.33021707117094
52.58670433709965,47.77027653196173,46.41150584673841,46.42582785547899,38.948458753005454,38.325159531181505,35.91312993181187,42.07485068126445
57.81559227467949,45.91636303451906,50.3206737488692,46.13697692932919,48.48674629626027,46.03899909662864,52.93661660981601,54.11053157213472
66.46601027014053,45.4410419889104,46.41150584673841,46.10004069469476,38.82958383272752,59.51209095100291,59.560679952896635,46.0947102861707
38.1308863327213,48.31242591713807,45.929428407890256,44.43397348085772,46.83464780663176,43.7910483287983,41.56126328920877,40.272197697784335
27.00376879487113,47.36483172720361,45.929428407890256,47.11987384140184,44.81712206418945,42.48364212247258,47.00832735021428,36.61749557990035
38.7997909695122,48.92472918599319,46.41150584673841,45.20774780915602,52.451663682935944,54.965053355577105,53.50555640766478,51.15490354149389
42.57481623501634,41.648633756004166,41.353118549565245,44.406861127919235,48.226826814116585,37.927048102290186,34.138978748513715,37.383200546427666
21.73974174293362,47.624208934596766,50.3206737488692,49.65644848866665,45.66019378354981,50.30059155612317,47.16596521779666,55.4564675105604
75.34805403413849,42.47465652674427,45.24677617513228,45.077462538598546,45.793065806077074,47.76049209106921,42.217001513467366,48.09129573867429
52.6528121295403,44.360971216584495,57.325701316618506,46.28186219662776,44.86450720186187,44.43518738425529,47.95840101204436,44.66152048434165
38.29304461851301,44.90987121795426,45.611150158795034,45.287488083728796,44.88730078754259,49.48539654827962,44.44207204988618,40.30941427378731
57.29997792172062,43.02683330517913,41.353118549565245,46.60573585952161,44.64641437686204,47.50414093478451,44.42656830218076,42.04075157038605
42.65220773191763,46.64371180313836,46.41150584673841,44.22922733627937,44.95097998817484,48.00066056814876,36.68873238979037,56.11700824817541
50.45271741568994,44.069580765066,45.929428407890256,45.990407116766946,46.386622193533434,46.65642789893997,44.9928559340034,44.293901991126724
55.91836201743653,46.82425335907151,46.41150584673841,49.958882445546195,47.765654017535745,45.14138276248682,59.255576241754135,41.391560925394394
42.84382204551002,48.10550302401568,55.81692666325356,47.6531605089811,50.586010272118365,48.25051414243996,48.22167180170282,38.943008733089286
52.62866776582766,46.79277640852494,46.41150584673841,46.585070090105276,46.2353712322526,46.50276121255901,47.253212695356765,44.52985447581316
34.982533194662295,46.158975518963175,46.41150584673841,39.66670052597195,41.770450786133466,41.271198818638005,37.69745694490218,29.098355975481798
20.34628462258937,44.945557900289224,45.611150158795034,45.375201352987695,46.907676169476055,39.19036054630585,38.74329116971044,35.3689042623156
41.90844745032725,45.033409020759066,50.3206737488692,48.9579374494529,50.628869185342296,50.24059147303463,56.69891892801186,41.00531572186079
52.18539779419179,42.86546774204818,41.353118549565245,44.47149516126891,45.35313699206709,39.54568630907149,40.50909998253243,39.25481768848531
36.61889842458165,45.56885283716428,33.76734062012137,43.78827613433906,43.955922201273495,39.910339619287974,40.87858449569928,42.34361579152961
50.32406404428162,45.28112609674365,50.3206737488692,47.778690194010984,46.23510008589324,44.12743005828355,45.05513564832005,44.0644026077389
59.99150089657523,47.46497045419286,46.41150584673841,52.19587977415014,51.30189463720647,53.32911160164118,60.27152398201905,48.45045734235742
46.55195367660546,42.789675415029734,45.611150158795034,45.2443019919557,42.547585671210875,38.36726577373837,46.17724882939939,45.64244624341047
40.51184835105805,44.90551376310498,41.353118549565245,46.78838911667244,45.72722106018808,59.68926742092861,45.73921504104331,46.04189024630265
50.46192249499195,43.48068293396579,45.611150158795034,46.875939692637296,46.198657325781745,48.637208247085084,53.19341802603404,45.10194219796723
33.4904864127748,43.35235798804237,45.929428407890256,43.87729103475107,43.04340981172579,50.32860315591951,37.23080817128152,39.48441527860245
37.05925883487207,45.887237487272806,39.72787716923496,41.73929973149107,43.921136470980116,54.5691315236436,41.88899872230829,52.23211664774029
14.147942628176963,44.5375377471057,46.41150584673841,46.503051695947185,46.066946164718,41.813749790049506,49.81427927544096,40.90732449406123
53.76065626864818,42.949818261940514,45.929428407890256,39.985273853292725,40.76941408204276,39.80406845560392,42.37945640812896,49.852756839922584
42.21416258608856,45.6165953770567,45.929428407890256,42.9383932323479,41.98343963147877,44.76857627898926,44.20934696948452,52.42685387271706
50.77772900028263,44.35496064858509,45.929428407890256,47.918055200946704,45.81239454587891,53.61735188708986,49.10848893746555,49.48763647186372
51.55991219319908,44.67424793998701,45.929428407890256,42.777426014198625,43.23777425760899,47.436644136638854,55.17280535878047,40.36588783676301
52.6811140452028,45.92212856048507,50.3206737488692,47.45874144256238,46.87560555427138,41.4654454952864,54.97710410738823,45.632685280529515
60.57856059967838,47.65123643176684,50.3206737488692,49.01474261224921,48.06653054043846,52.156362183614604,55.4437851296626,54.3145638628935
26.30815315537749,43.18904746822773,41.353118549565245,44.218464871520034,45.2093553139174,44.41055316462244,43.39162128972806,43.18579912507156
56.61492421650548,43.9799887639824,37.11438563144905,50.57738451267355,49.255113821736785,45.09786922256321,54.424395222110654,53.70943771213746
34.49571765249208,48.89970514129744,46.41150584673841,50.27487965625113,46.34950139424292,51.71686022623616,54.08395752889319,52.58365139062729
62.87307250163738,46.70503001658366,45.929428407890256,45.29083891267266,48.04994689837192,48.92976916013742,49.220574160142526,47.251733821715746
27.79858267135108,42.430407192903246,45.929428407890256,41.794961071924966,44.517397154346526,40.95177445264409,36.76216887899694,47.90248039991665
48.27138694343075,43.93722472200357,41.353118549565245,44.314480036599655,45.75240634643148,46.77785428489764,43.85686604793891,40.06336553142022
26.42922218061496,43.709140799014875,45.929428407890256,44.21800357718956,47.07660060421524,42.96140482096787,41.85367295112989,44.79195372792957
62.04530092454648,41.88308888164827,41.353118549565245,42.68860411701029,48.24671001717618,43.15481939205849,47.433896806445496,48.537582220144095
65.40025725164784,44.33372004549314,45.929428407890256,46.962877987817436,41.71752604915433,43.650543816237395,38.81864165346528,45.0127139127634
77.55611740713917,45.05767893622432,45.929428407890256,47.61523187611703,49.20548290232373,47.98678288969718,52.246512918469996,47.647040139614454
83.20509465494241,43.751146359200575,37.003559033301286,42.658358195930866,40.45401185675449,44.88655154802538,41.409164070740424,51.23660013174042
44.45438668762131,48.43063940929557,39.72787716923496,38.520183955179625,37.23462438626065,38.55460831558575,38.87872189071794,47.082350402598344
17.57350080369424,46.23963282717458,55.81692666325356,41.6278561142748,51.712684342403065,44.124802731096445,48.03642649555716,51.06763684436127
43.129821364234,43.09955629730498,41.353118549565245,45.43697181893805,43.48939028736669,39.351753259753366,39.9669204789927,50.80423606659466
40.443011341954175,42.3773827501764,41.353118549565245,46.01389642083933,42.72434168860433,35.25630837563084,36.02836266456875,51.68624535721993
24.888665085385703,44.74465368880927,45.611150158795034,39.54250924740446,37.7324161428398,38.61776642569841,26.562071113752715,36.14777973309587
32.683157858734674,47.403958704970805,75.5754775959996,48.630989510011815,58.99496789297833,61.259825933106775,49.22357159937362,48.678232229687396
47.47563560678807,44.8255951760848,45.929428407890256,42.006652705456,45.952544176737405,46.8318198268708,41.54328552510018,47.46926312423805
24.60723247022221,42.53468842240756,41.353118549565245,41.53963792463566,40.689188725152846,36.920481632793184,44.183867329736465,39.18917889103841
57.18982934152919,44.531192060439565,45.92627874919046,40.42458466491023,45.42946113427464,35.82636558544424,37.014397959180364,42.285803776581176
51.53066736993685,47.07692447372265,45.929428407890256,52.4880647799768,48.69021398764767,48.56130001046845,53.800661903423666,41.03192956064321
56.66834060638429,48.25913359586997,46.41150584673841,48.29094657745269,50.38252757751242,52.226363917879745,48.8122224840114,51.206747252168896
67.12628685935098,45.74550368768336,41.353118549565245,49.79946423518477,54.562003282824485,39.61876416884121,57.45656437533753,53.03065282780866
38.90502773288448,48.23353127513709,46.41150584673841,45.74359546615861,45.29533955272086,50.44323759262642,50.72488195560651,43.23375296101444
18.47487251097794,45.01578122039744,45.611150158795034,42.867804440201844,42.93603785482928,48.09654047931099,45.72496960984306,42.09506890148742
51.1987364798898,42.27290777907518,37.003559033301286,42.581506115442515,40.37958893647459,33.91715222842242,37.76888634780728,47.89654238415132
49.96799445989198,47.09225293381779,50.3206737488692,46.63001872819581,45.753053728934056,43.04607572699508,49.61189140143124,49.74297545620451
61.58716936038929,47.39677013687497,46.41150584673841,49.60031203460903,45.770143648335555,56.40774498531664,57.91335882083552,53.03111879300509
34.20919565361824,48.02841300777044,50.3206737488692,45.00394091232062,48.818849092304085,42.53810188399705,47.42860161189463,36.40775544204715
48.32358554387328,47.17165429290061,45.929428407890256,45.36772825392518,51.124434730276086,46.08275273268228,47.54395595629385,42.22830395931364
14.581797014390675,46.518730330090136,45.929428407890256,42.811981113036374,34.94654382267788,42.43313447607262,39.29815973744338,42.59884904261901
42.84352755265208,48.08619163886702,46.41150584673841,51.228566870363345,47.74072721762498,56.05581111775079,55.424614980166666,56.45291653969501
68.2009017236129,43.974006235660944,45.929428407890256,40.401359036526706,44.598670414068415,37.31975988567681,42.454761104806224,41.73049066728316
46.42375957101755,44.26505647797779,45.929428407890256,44.78552601174907,46.424482333276245,44.7882681998073,43.26930815797249,45.66559123735862
21.52640907351476,42.08950971932315,41.353118549565245,45.738297073941055,44.37250907870379,44.708261040686814,43.76568426155817,45.93516407271033
52.01608121966696,47.92776826785437,55.81692666325356,47.81379318206322,52.470268439625286,47.38996887144972,48.87426134653054,37.330360740472855
40.472269351951056,45.652295404177835,45.929428407890256,47.17344270537393,47.55929809323186,43.450532574989566,47.06775952875225,41.35811251632317
39.12171707226187,48.7218810130062,46.41150584673841,40.253980578774545,42.71081031555661,44.59116457754676,34.92641595823538,53.579923043047
61.60943577185171,44.26515453848471,45.929428407890256,41.862972181117755,43.97925058703178,44.30090998608008,38.95040972027624,38.82425119657333
56.23444253120235,45.46333710411975,33.76734062012137,46.53357666018671,44.861307054361326,45.261076455847515,45.885294110504574,38.707021184470804
23.663463877709507,43.46011998103652,50.3206737488692,46.95526703763112,45.46015445197051,44.909183533870525,43.65773741208159,48.21762198486881
46.61483492038348,43.65774955233105,41.353118549565245,43.129230445276235,46.5715834283403,42.988072264722994,47.08969983199094,49.44051592684474
67.52010441485695,43.09278044159978,45.611150158795034,44.71088035101307,47.36343669845402,51.006232599064035,46.02806483102511,45.13447522319637
43.82016306096858,45.11902664489447,37.11438563144905,44.31752245308257,43.40712440642592,45.011603919012266,40.282319314696856,42.08901962993193
40.4823791366521,48.07223344882318,39.72787716923496,46.1132316060125,45.21797321111797,54.3957244024925,48.01321921778013,56.82409335046687
76.69017792037846,43.01428540175151,45.929428407890256,42.46183601676996,44.91069919833975,41.03396615357997,38.40640824350508,42.81173434921756
24.06191925292143,41.197443818594834,7.739964935873713,36.45600957559016,36.59579981992308,31.012008966818748,31.56684892679621,40.24918257150865
47.05826951735565,47.28181118829804,45.929428407890256,49.59458882224963,48.83354054079662,49.8672002208271,46.908167836163,44.07489292773581
46.00974152966781,44.68874639198835,50.3206737488692,47.189867417784136,47.07732200860953,52.57917841586207,55.89489485337732,51.98960636423591
56.44497284589831,45.415513756953025,45.611150158795034,49.58762166676212,50.34191515307509,40.45896585777646,48.74588691433752,33.09153913837688
49.1908353070796,43.605549905288264,45.611150158795034,44.371546643507784,45.90529681841903,47.75207380946856,49.883299089294496,49.290571008428074
32.40568038442544,48.90024066240115,39.72787716923496,47.27048154916096,44.49081361151713,55.353342523616355,40.96749260976379,45.70834465219514
24.65264293632812,44.522579679582655,37.11438563144905,38.63587852759863,34.16489599961652,25.172581681864386,44.327002584590076,45.63243480711729
55.40140134694485,45.19860917478635,37.003559033301286,40.38610393234559,42.96863076780382,40.697648509871506,42.659350245267845,48.795886710019374
56.38992476458181,47.30781444531964,46.41150584673841,46.41392599596829,46.548657064256474,40.469556247710585,49.019902886218404,36.07050892074729
48.0178360163279,41.39300405325337,41.353118549565245,43.081177299223526,43.31630116280162,47.524171013283315,48.506385260671976,48.64225626120102
17.00646878245912,44.53993659610083,37.003559033301286,44.621914627310524,46.35832809685438,46.879506646723854,50.187648467634524,41.8409535962
11.715958583190996,42.34254591467229,41.353118549565245,42.508095561947776,42.856767209897,48.25633215200953,44.60114527027821,39.76620278039619
39.831707324153534,44.24529256653956,45.929428407890256,48.677657753867464,46.5261089490374,47.916153460767674,50.26781719041193,46.95844965375388
42.09187288929776,44.703005923432826,37.003559033301286,38.402827246728364,43.07918649995536,40.10804224253909,38.53996984798195,34.19254300684048
82.9471713737276,46.48361488641726,45.929428407890256,47.82304463547471,43.757958059768015,48.203459771267845,50.63075790998209,51.36749335044262
66.21989678939673,44.762390348606914,37.11438563144905,43.794909440416625,44.93235489813179,41.207893608981436,46.657035268187535,51.489759256757395
53.58824314497669,48.106479030093105,50.3206737488692,46.555988594702306,48.18393843989784,46.77937849299744,51.93697741431756,41.31825839551975
75.16406225375091,45.615320919661926,46.41150584673841,36.59072720228716,45.99809195301799,41.84669863265315,37.626704750186214,39.02359852402693
34.290270576804936,44.4667929213825,45.929428407890256,46.42510992932316,46.404241925722886,42.84406561683743,45.222973728612125,40.47299706899264
75.80321577814114,47.68476412111009,46.41150584673841,41.78663752929395,44.65878894432762,50.14647408810604,48.00845934067197,45.78498940792523
36.06305263676112,44.77716128732729,45.929428407890256,45.429909131600326,42.39144724666978,44.588110009840996,39.14208698780235,42.06204824961792
72.85065765291608,46.554669021240855,75.5754775959996,47.77277999355034,52.568510362624174,57.437187244171646,54.781519008032284,45.47207758700472
32.117870231718015,43.82406251840947,45.929428407890256,46.56035659239014,44.145802469225885,44.857428644748396,43.14193396647467,35.10188662862173
44.77891299491914,45.94084971525855,45.929428407890256,45.49698482833523,43.09606202966849,47.96231828046458,50.45536917388907,44.35627267366436
44.27574017028236,45.95617615969577,50.3206737488692,46.57727102653719,45.16532562984001,46.435685288434314,47.744404066658056,44.22582221766415
35.50281764921052,44.87965517113778,37.003559033301286,46.92958363286347,53.62002039514147,42.321124480391724,41.02406666845485,48.55400304678047
50.13528039776457,45.262458708254385,45.929428407890256,44.47913876300297,50.05994683769585,41.483482016834415,42.23388297214341,38.63078796338168
27.12505428575402,45.15973146570678,45.611150158795034,44.7811956111463,44.775679916062195,40.0671006048371,48.507171412422075,51.03756415507648
38.48634512490711,42.95103833804096,41.353118549565245,45.635605998257,42.58669375648445,35.28315630640106,47.34864802828753,41.71206257473316
59.47023966859328,45.657841296383296,50.3206737488692,44.91948827826764,45.70883288538234,47.162233851499835,40.46249438358282,31.575420885393935
75.11747483398807,45.20721904293569,50.3206737488692,45.4446735751472,45.721731415485046,47.60385832778576,47.6499611411091,42.77270424414807
33.54700543456562,46.603628945784735,45.929428407890256,49.23016768518662,47.7400693358367,48.16283526448703,54.13600181117926,53.23511544599838
47.294336370131305,45.94166285915571,50.3206737488692,47.114622564197724,47.122387061607704,54.53736004813528,51.95949386553629,62.94387513662226
41.77937975088718,47.10571211007931,46.41150584673841,46.975972015043624,42.82028262517724,46.00356766242998,50.104117999473,34.87279307261923
39.30422217229145,42.56989344299331,45.24677617513228,46.77633600622157,43.827013863239706,45.601245677858,45.844984175154664,43.05717035081127
65.15896151490689,43.56613045101671,45.611150158795034,48.66206130102139,46.88661166499984,48.051338938072824,49.25148909313422,44.991127904507906
35.5670365161495,44.257749196770504,45.929428407890256,44.99129130516021,48.31622882725463,42.95001408117746,48.47609377756791,34.64223621765539
34.52949207250964,42.19911871197677,41.353118549565245,44.315190337393226,32.73612358381748,44.409111051014385,32.71045003081407,47.322595461431334
59.17600534057596,43.96844379304258,41.353118549565245,46.522954424460785,45.57440763797102,53.76637371123599,46.36461606913072,43.9151175777625
53.46947323745568,49.208960442340064,46.41150584673841,50.268524074683675,49.178262220458805,58.43808345682535,54.859360049551945,56.26239529567065
51.36052202253718,44.91655140333639,41.353118549565245,45.196335354194346,46.57390931619164,39.00843296018751,41.92324208729188,45.39395704185067
51.75207417076693,46.94112796552632,50.3206737488692,47.02630337598068,47.23641560209379,47.12003023355338,55.330271743722264,45.92635478159299
19.77701112357344,45.234756401366646,55.81692666325356,46.64832593359031,52.30551188372561,51.72733446204641,49.7150265116489,45.01096180806415
69.20459895323683,46.14854647752945,7.739964935873713,41.497871735680604,48.735541338287106,39.92738584694166,47.865707660829244,61.16421971384997
55.58300870497788,43.01075761961842,45.611150158795034,45.50100165104443,44.41666971025502,27.735276638280737,42.9315410958991,48.921841469997204
31.556442173256045,44.778922730426274,45.611150158795034,42.080269062362014,43.46514836615015,42.75890636519545,40.4562187334214,38.617764770193354
34.504203368579525,42.969557125747784,37.003559033301286,44.88436045442121,50.27435986961255,43.675704318253025,46.46972947476271,48.39471430880273
50.00527519435887,46.37682497276486,50.3206737488692,43.28727626872609,43.052661440550935,47.837799206541476,48.08302237379455,44.7708473945851
43.33874001771919,42.46007205914592,50.3206737488692,43.63838581041809,49.308069314715105,42.395255362155666,48.05392807109875,40.71955096113473
49.12512524515432,45.87881801242598,45.929428407890256,43.82570284489368,45.47518131458752,45.789570822783496,42.96743738799487,36.83264979308583
47.82914331046789,42.43739483865684,41.353118549565245,42.50926089543847,36.86488626500839,40.863613715826496,32.063169588649146,42.321880418579816
40.87306312501205,48.14578411492374,75.99053175187498,50.97028782936741,54.03826816234486,55.98608422115778,51.31817431821345,40.83386086236656
57.244984270196746,43.64207746597983,45.929428407890256,46.6206918571036,47.03032452913897,45.78773701503828,49.361391457081645,54.850797160210064
47.04177726741282,43.198864097869354,45.611150158795034,43.10586174875728,44.846087887566384,41.70295617440179,38.015422899913176,50.70601533774699
53.62259626796869,43.91569515878722,50.3206737488692,44.31380621050997,43.91507347796663,48.31971138972566,46.15446291224097,45.703688541242755
47.72297170433089,46.30960472246003,45.929428407890256,48.377027243516075,49.0226120402585,46.46824483811975,46.83485797928508,49.947224196662496
34.75941224444783,45.72161971714325,45.929428407890256,46.96978272292441,45.51815692429093,51.26706287958975,56.0450119321283,51.4087691686653
51.46198654902899,46.135994821466895,45.92627874919046,41.368504365411226,41.66535998768532,40.903226867687366,43.279596091830406,39.39834098581697
69.5500447550418,44.70810828595005,45.929428407890256,49.80819148515223,50.75139288757251,47.421665989161745,55.89815507508177,39.692781051718825
47.92647469830877,44.956873581832994,45.929428407890256,43.46325359917023,43.709591785480335,45.31844195969982,40.97463267632168,36.12176521655016
43.70610990205846,44.35776954004595,41.353118549565245,42.68837670292981,37.25765354311341,39.17856075934954,37.931475984619176,44.11898333715724
28.13881796944669,44.78888238017819,45.929428407890256,44.887396778700904,44.87366155051108,41.31169459485925,45.53285405927829,39.81173770580993
82.90872330507165,47.33765264310134,45.929428407890256,51.40781503977224,49.5498335734775,50.09646761505953,55.759311920713216,41.31257239872209
56.39859336412368,43.402867124238945,45.611150158795034,45.79646412285564,44.70499929394981,35.123247615758345,42.70584475086478,34.662770755701544
35.12495261472535,44.79298384694345,45.929428407890256,46.1641393935933,47.014599449295034,41.56100994239649,42.13761713426538,46.53742850976833
64.65685414046253,44.51811542776028,45.611150158795034,47.60441018714553,45.12357678768946,53.750413756491135,54.80727923370991,39.7093769337823
31.03167533989228,40.54417486191301,45.24677617513228,42.78688481520581,44.46930069759584,35.00277828864261,40.62799734377835,41.527399810733016
57.48129523009616,46.630640352514064,46.41150584673841,44.56840213346072,47.46732571208848,51.74514734254551,42.74791277964698,46.97630972716501
76.3627947990668,45.574784376675794,37.003559033301286,43.25646491278344,42.62514653551663,39.820630522497545,41.58842164988093,35.94464715452794
31.20399102179757,46.21342885775617,81.07233524784837,43.8097332126864,45.23404554521756,45.964533525309854,42.01691330490115,41.64183134476354
45.304975778258125,46.408036996824926,46.41150584673841,43.05944757327718,45.50508949046108,41.88031846364428,51.848513221547,47.713133450743136
38.76487219661148,43.016635058929204,81.07233524784837,49.130502642649596,47.22231766993415,45.92287733994751,45.67733345650242,48.95080553461249
61.91525550402386,47.18867016765509,46.41150584673841,46.78360844049828,43.75834177137561,59.14338317080714,51.3360509962867,54.4628767851961
60.24895463751476,45.87127316420475,46.41150584673841,44.43040102007531,45.89806562698991,48.79582609794127,40.173806291921906,53.08301419320105
47.15849130828717,46.709704991345006,45.929428407890256,46.77100428963261,48.677749454151424,45.86001394035553,50.59786587493068,47.73882697623491
46.93830691058989,40.903904347039244,41.353118549565245,48.54598964116717,47.191676798814136,34.27302051331983,48.00950014260249,40.57436609251279
47.316473495775,46.446043413642016,45.929428407890256,49.33574199131996,48.43924221567007,49.10073460188443,51.836882836769725,46.82757424610743
39.03702589099598,44.107815477841584,45.929428407890256,44.84478322161508,42.94975360107933,42.58989163024297,48.93664173863661,36.04477386922482
19.63959477377624,44.85375986331921,45.929428407890256,47.26897245217394,50.20406226173905,48.97833156857409,54.594965758952235,45.02742942219297
59.59207487090804,45.56377294111148,45.929428407890256,51.13316233857973,47.12889275682221,51.403954787558945,54.86974899706476,55.12926453942619
58.909971419566496,46.413136912429316,45.92627874919046,46.14047209470769,44.73584138248161,44.162606754003306,45.530671415534876,50.29010719672551
48.12095201321818,46.48290053889796,45.611150158795034,45.87319017159351,45.656091216029424,43.40458687014602,48.796174219627616,36.844912694219424
33.96209409808352,45.586099844491386,45.929428407890256,51.33482332181285,50.5851875240326,47.09587436718435,53.22098052940752,42.4943972391314
49.3593145755824,42.287150637746365,41.353118549565245,41.00006285073371,42.02414253956806,46.13500776186141,42.29629646013521,38.73507426374256
51.83346917543233,43.560673595332204,45.929428407890256,46.0114327347724,46.408931066523245,46.16226422089985,41.85667026183599,47.424737634768135
43.37633066687565,45.54802738654769,46.41150584673841,47.445347352545916,46.46251276846215,48.1200859496467,53.61141965208254,45.1972703589378
58.13815350752023,46.6394337392449,46.41150584673841,47.22111462662564,46.189175431118905,48.676217546818926,43.13357217531181,47.93796567853427
53.11286239346093,44.18261335898803,50.3206737488692,48.21093344603466,49.175327416131616,47.90162922215453,51.64654301188623,48.27152897609973
49.98983793586948,46.55840120542068,45.929428407890256,48.221647878941866,45.59795929620752,44.59389991123608,57.8298239330139,38.434724747616954
49.396590689571646,49.21418380651693,39.72787716923496,42.12602382600321,45.882620975667194,42.93064031077187,44.30531577007259,39.175609992938014
50.07298189288476,43.544897385528124,45.611150158795034,45.02524798632569,44.54401058986366,49.04288202296733,49.942587157641675,55.60205446147238
11.12044176722182,45.570894707573444,45.611150158795034,50.94317212586944,46.33888890865308,48.92101757294815,46.067321248740974,49.473757817255816
58.74169291790038,47.403878416494635,45.929428407890256,45.21426629089617,45.770350909354754,44.955146491399844,39.76644173933313,47.034277198760435
39.75065342261083,42.24970201242735,45.611150158795034,47.326494716658445,43.52915266926621,41.62203546133212,43.142384297399175,45.676397365168434
17.798227912141176,45.480916052796864,45.929428407890256,47.013116780293565,42.516078956872526,47.926934532033656,41.33294791194598,56.04893395288832
19.675539934533766,46.56232423287521,45.929428407890256,46.238668294502574,46.859553549659026,41.85533240152348,42.73787408410569,41.776045968563
32.261871360940624,47.42342461967881,46.41150584673841,41.824920212149934,52.1564318134581,60.512559247403736,48.58415037385898,55.60288632293233
66.0673606012345,45.02005389949606,45.929428407890256,49.39519157491944,49.85565201557224,46.473932190304005,55.252466914282316,42.9609849839102
48.60994994950222,45.02769859212711,45.929428407890256,45.26814327867666,47.06393889374343,52.851795674984714,50.33303122018714,47.96520743083437
50.27613642549534,45.19155125218539,55.81692666325356,46.77359769196606,47.16932078544713,51.206689517479866,47.77344775522026,40.324774035733554
42.79307700769997,43.73421485172772,45.611150158795034,42.9466429290435,41.179760391262064,37.15634186601599,47.43856752323601,36.691615584424085
44.16053287022165,46.2798633377501,46.41150584673841,45.03245962705546,45.11320794219407,44.28560621808343,44.09846677431212,50.285588035701565
59.752692905437065,46.14764708552535,46.41150584673841,43.334201024932575,45.45399058446804,40.14533241822652,39.69236804682527,34.53405202759988
49.65729758105556,46.30835175461133,37.003559033301286,37.844892325911445,41.85001697646517,35.830005722082085,37.88582025931964,35.60315263683851
59.67174255953023,47.22954584374779,45.929428407890256,44.08205741929013,48.38414272267667,44.73315529428959,43.41710151980943,45.269143458091875
43.00518237325945,46.20778308892277,45.929428407890256,40.446915690625666,40.40083880929996,46.698361732440944,33.67197802903284,34.184485230636156
34.02892040169511,43.81475857943892,45.929428407890256,46.62518619904034,41.568627344993544,43.678860182302735,48.51413859417952,36.5148197851367
66.81648594464866,42.600830148070116,45.929428407890256,49.70369272535031,50.89664724374242,50.08289857878931,48.49894286077378,49.89403641887593
43.57997945988156,42.80586415134016,37.11438563144905,42.62532300394176,43.826851936356036,36.55075165036887,34.77570725662776,34.18475812839585
36.27267220038874,45.65058447769989,45.929428407890256,45.78581214695877,44.85160234464231,41.49462146586324,39.927281957959586,39.3880444176762
29.81522865834316,47.587233555426714,37.003559033301286,42.78343238724698,44.30464571380211,43.202730460754154,47.39416304804082,41.839408190416705
